Borough,Year,Week,Total accidents,Lethal accidents
BRONX,2012,26,39,0
BRONX,2012,27,413,0
BRONX,2012,28,362,3
BRONX,2012,29,355,1
BRONX,2012,30,373,0
BRONX,2012,31,400,0
BRONX,2012,32,391,1
BRONX,2012,33,349,0
BRONX,2012,34,348,3
BRONX,2012,35,366,2
BRONX,2012,36,351,0
BRONX,2012,37,390,0
BRONX,2012,38,360,1
BRONX,2012,39,357,1
BRONX,2012,40,386,0
BRONX,2012,41,362,0
BRONX,2012,42,365,1
BRONX,2012,43,380,2
BRONX,2012,44,251,0
BRONX,2012,45,393,0
BRONX,2012,46,330,0
BRONX,2012,47,326,0
BRONX,2012,48,341,0
BRONX,2012,49,346,0
BRONX,2012,50,389,1
BRONX,2012,51,385,0
BRONX,2012,52,342,1
BRONX,2013,1,345,3
BRONX,2013,2,343,0
BRONX,2013,3,328,0
BRONX,2013,4,341,0
BRONX,2013,5,365,1
BRONX,2013,6,419,0
BRONX,2013,7,388,1
BRONX,2013,8,341,0
BRONX,2013,9,371,1
BRONX,2013,10,453,0
BRONX,2013,11,412,1
BRONX,2013,12,396,0
BRONX,2013,13,330,0
BRONX,2013,14,346,0
BRONX,2013,15,379,0
BRONX,2013,16,399,0
BRONX,2013,17,377,0
BRONX,2013,18,369,0
BRONX,2013,19,388,1
BRONX,2013,20,426,2
BRONX,2013,21,403,1
BRONX,2013,22,433,0
BRONX,2013,23,451,0
BRONX,2013,24,419,3
BRONX,2013,25,375,0
BRONX,2013,26,393,1
BRONX,2013,27,422,0
BRONX,2013,28,404,1
BRONX,2013,29,389,0
BRONX,2013,30,355,1
BRONX,2013,31,411,0
BRONX,2013,32,359,0
BRONX,2013,33,364,0
BRONX,2013,34,372,0
BRONX,2013,35,330,2
BRONX,2013,36,353,1
BRONX,2013,37,396,0
BRONX,2013,38,412,1
BRONX,2013,39,398,0
BRONX,2013,40,372,1
BRONX,2013,41,333,1
BRONX,2013,42,381,0
BRONX,2013,43,356,1
BRONX,2013,44,332,2
BRONX,2013,45,367,3
BRONX,2013,46,393,1
BRONX,2013,47,368,1
BRONX,2013,48,377,0
BRONX,2013,49,356,0
BRONX,2013,50,391,0
BRONX,2013,51,405,1
BRONX,2013,52,326,0
BRONX,2014,1,328,1
BRONX,2014,2,346,1
BRONX,2014,3,351,0
BRONX,2014,4,428,1
BRONX,2014,5,403,0
BRONX,2014,6,438,1
BRONX,2014,7,488,0
BRONX,2014,8,363,0
BRONX,2014,9,379,0
BRONX,2014,10,360,0
BRONX,2014,11,326,0
BRONX,2014,12,358,0
BRONX,2014,13,377,1
BRONX,2014,14,347,1
BRONX,2014,15,402,0
BRONX,2014,16,346,0
BRONX,2014,17,328,0
BRONX,2014,18,392,1
BRONX,2014,19,378,0
BRONX,2014,20,355,0
BRONX,2014,21,371,1
BRONX,2014,22,401,0
BRONX,2014,23,391,1
BRONX,2014,24,380,0
BRONX,2014,25,419,0
BRONX,2014,26,455,0
BRONX,2014,27,373,0
BRONX,2014,28,404,0
BRONX,2014,29,345,0
BRONX,2014,30,395,1
BRONX,2014,31,337,0
BRONX,2014,32,369,1
BRONX,2014,33,348,0
BRONX,2014,34,361,0
BRONX,2014,35,386,0
BRONX,2014,36,401,2
BRONX,2014,37,398,0
BRONX,2014,38,392,1
BRONX,2014,39,421,1
BRONX,2014,40,374,1
BRONX,2014,41,376,0
BRONX,2014,42,351,0
BRONX,2014,43,373,1
BRONX,2014,44,386,0
BRONX,2014,45,349,0
BRONX,2014,46,359,1
BRONX,2014,47,396,0
BRONX,2014,48,358,1
BRONX,2014,49,388,0
BRONX,2014,50,407,0
BRONX,2014,51,403,0
BRONX,2014,52,304,0
BRONX,2015,1,296,1
BRONX,2015,2,408,1
BRONX,2015,3,509,0
BRONX,2015,4,335,0
BRONX,2015,5,318,0
BRONX,2015,6,394,0
BRONX,2015,7,390,0
BRONX,2015,8,380,0
BRONX,2015,9,313,0
BRONX,2015,10,512,0
BRONX,2015,11,417,0
BRONX,2015,12,338,1
BRONX,2015,13,375,0
BRONX,2015,14,353,2
BRONX,2015,15,356,0
BRONX,2015,16,401,1
BRONX,2015,17,378,0
BRONX,2015,18,413,0
BRONX,2015,19,421,0
BRONX,2015,20,418,3
BRONX,2015,21,407,0
BRONX,2015,22,418,1
BRONX,2015,23,451,2
BRONX,2015,24,357,1
BRONX,2015,25,416,0
BRONX,2015,26,489,1
BRONX,2015,27,385,0
BRONX,2015,28,418,0
BRONX,2015,29,432,0
BRONX,2015,30,394,0
BRONX,2015,31,432,0
BRONX,2015,32,442,1
BRONX,2015,33,458,0
BRONX,2015,34,411,0
BRONX,2015,35,386,0
BRONX,2015,36,414,0
BRONX,2015,37,442,2
BRONX,2015,38,414,2
BRONX,2015,39,388,1
BRONX,2015,40,389,0
BRONX,2015,41,455,0
BRONX,2015,42,414,2
BRONX,2015,43,423,1
BRONX,2015,44,381,0
BRONX,2015,45,390,1
BRONX,2015,46,450,0
BRONX,2015,47,435,0
BRONX,2015,48,399,0
BRONX,2015,49,460,1
BRONX,2015,50,422,0
BRONX,2015,51,447,0
BRONX,2015,52,407,0
BRONX,2015,53,353,0
BRONX,2016,1,433,2
BRONX,2016,2,424,0
BRONX,2016,3,414,1
BRONX,2016,4,471,0
BRONX,2016,5,421,0
BRONX,2016,6,364,0
BRONX,2016,7,375,0
BRONX,2016,8,417,1
BRONX,2016,9,457,0
BRONX,2016,10,416,1
BRONX,2016,11,381,0
BRONX,2016,12,407,1
BRONX,2016,13,454,0
BRONX,2016,14,454,0
BRONX,2016,15,457,0
BRONX,2016,16,507,0
BRONX,2016,17,374,0
BRONX,2016,18,451,0
BRONX,2016,19,491,0
BRONX,2016,20,430,2
BRONX,2016,21,468,0
BRONX,2016,22,413,0
BRONX,2016,23,387,0
BRONX,2016,24,397,1
BRONX,2016,25,429,0
BRONX,2016,26,416,0
BRONX,2016,27,388,0
BRONX,2016,28,470,0
BRONX,2016,29,461,0
BRONX,2016,30,434,0
BRONX,2016,31,420,1
BRONX,2016,32,400,0
BRONX,2016,33,417,0
BRONX,2016,34,375,0
BRONX,2016,35,416,1
BRONX,2016,36,394,0
BRONX,2016,37,429,0
BRONX,2016,38,411,0
BRONX,2016,39,393,0
BRONX,2016,40,388,0
BRONX,2016,41,363,2
BRONX,2016,42,404,1
BRONX,2016,43,412,0
BRONX,2016,44,403,0
BRONX,2016,45,344,1
BRONX,2016,46,389,1
BRONX,2016,47,376,1
BRONX,2016,48,413,0
BRONX,2016,49,398,0
BRONX,2016,50,399,1
BRONX,2016,51,429,0
BRONX,2016,52,325,1
BRONX,2017,1,369,0
BRONX,2017,2,397,0
BRONX,2017,3,366,0
BRONX,2017,4,369,0
BRONX,2017,5,396,0
BRONX,2017,6,344,0
BROOKLYN,2012,26,135,0
BROOKLYN,2012,27,908,3
BROOKLYN,2012,28,912,0
BROOKLYN,2012,29,849,2
BROOKLYN,2012,30,830,0
BROOKLYN,2012,31,850,1
BROOKLYN,2012,32,911,3
BROOKLYN,2012,33,887,0
BROOKLYN,2012,34,818,2
BROOKLYN,2012,35,951,0
BROOKLYN,2012,36,963,1
BROOKLYN,2012,37,912,1
BROOKLYN,2012,38,804,2
BROOKLYN,2012,39,855,2
BROOKLYN,2012,40,845,1
BROOKLYN,2012,41,891,0
BROOKLYN,2012,42,929,0
BROOKLYN,2012,43,901,2
BROOKLYN,2012,44,661,0
BROOKLYN,2012,45,955,0
BROOKLYN,2012,46,975,3
BROOKLYN,2012,47,844,1
BROOKLYN,2012,48,847,1
BROOKLYN,2012,49,1039,1
BROOKLYN,2012,50,933,3
BROOKLYN,2012,51,949,1
BROOKLYN,2012,52,822,1
BROOKLYN,2013,1,764,3
BROOKLYN,2013,2,881,0
BROOKLYN,2013,3,785,0
BROOKLYN,2013,4,853,3
BROOKLYN,2013,5,911,2
BROOKLYN,2013,6,879,0
BROOKLYN,2013,7,848,1
BROOKLYN,2013,8,769,2
BROOKLYN,2013,9,841,2
BROOKLYN,2013,10,923,2
BROOKLYN,2013,11,862,0
BROOKLYN,2013,12,812,1
BROOKLYN,2013,13,735,0
BROOKLYN,2013,14,821,3
BROOKLYN,2013,15,953,0
BROOKLYN,2013,16,881,1
BROOKLYN,2013,17,910,1
BROOKLYN,2013,18,979,0
BROOKLYN,2013,19,1018,1
BROOKLYN,2013,20,879,1
BROOKLYN,2013,21,989,0
BROOKLYN,2013,22,999,2
BROOKLYN,2013,23,1023,0
BROOKLYN,2013,24,982,3
BROOKLYN,2013,25,1084,0
BROOKLYN,2013,26,955,0
BROOKLYN,2013,27,939,2
BROOKLYN,2013,28,901,1
BROOKLYN,2013,29,921,0
BROOKLYN,2013,30,851,3
BROOKLYN,2013,31,884,0
BROOKLYN,2013,32,849,2
BROOKLYN,2013,33,877,4
BROOKLYN,2013,34,887,2
BROOKLYN,2013,35,913,2
BROOKLYN,2013,36,847,0
BROOKLYN,2013,37,982,1
BROOKLYN,2013,38,883,2
BROOKLYN,2013,39,816,1
BROOKLYN,2013,40,924,0
BROOKLYN,2013,41,905,2
BROOKLYN,2013,42,870,3
BROOKLYN,2013,43,944,2
BROOKLYN,2013,44,906,2
BROOKLYN,2013,45,954,0
BROOKLYN,2013,46,889,0
BROOKLYN,2013,47,963,1
BROOKLYN,2013,48,952,2
BROOKLYN,2013,49,921,0
BROOKLYN,2013,50,950,1
BROOKLYN,2013,51,1044,0
BROOKLYN,2013,52,788,2
BROOKLYN,2014,1,748,2
BROOKLYN,2014,2,886,3
BROOKLYN,2014,3,836,0
BROOKLYN,2014,4,954,0
BROOKLYN,2014,5,941,2
BROOKLYN,2014,6,972,2
BROOKLYN,2014,7,945,2
BROOKLYN,2014,8,809,1
BROOKLYN,2014,9,831,0
BROOKLYN,2014,10,819,2
BROOKLYN,2014,11,869,1
BROOKLYN,2014,12,867,3
BROOKLYN,2014,13,847,0
BROOKLYN,2014,14,928,2
BROOKLYN,2014,15,960,1
BROOKLYN,2014,16,770,1
BROOKLYN,2014,17,813,1
BROOKLYN,2014,18,974,2
BROOKLYN,2014,19,914,2
BROOKLYN,2014,20,990,0
BROOKLYN,2014,21,929,4
BROOKLYN,2014,22,947,1
BROOKLYN,2014,23,1005,1
BROOKLYN,2014,24,961,2
BROOKLYN,2014,25,1024,0
BROOKLYN,2014,26,994,2
BROOKLYN,2014,27,944,2
BROOKLYN,2014,28,925,2
BROOKLYN,2014,29,867,2
BROOKLYN,2014,30,904,1
BROOKLYN,2014,31,956,1
BROOKLYN,2014,32,880,0
BROOKLYN,2014,33,887,2
BROOKLYN,2014,34,826,0
BROOKLYN,2014,35,920,1
BROOKLYN,2014,36,1012,3
BROOKLYN,2014,37,987,0
BROOKLYN,2014,38,955,1
BROOKLYN,2014,39,944,1
BROOKLYN,2014,40,938,0
BROOKLYN,2014,41,895,1
BROOKLYN,2014,42,854,0
BROOKLYN,2014,43,1063,3
BROOKLYN,2014,44,1032,1
BROOKLYN,2014,45,922,1
BROOKLYN,2014,46,890,0
BROOKLYN,2014,47,982,2
BROOKLYN,2014,48,837,1
BROOKLYN,2014,49,947,1
BROOKLYN,2014,50,983,1
BROOKLYN,2014,51,941,2
BROOKLYN,2014,52,814,1
BROOKLYN,2015,1,759,0
BROOKLYN,2015,2,955,2
BROOKLYN,2015,3,926,0
BROOKLYN,2015,4,866,0
BROOKLYN,2015,5,784,0
BROOKLYN,2015,6,1087,0
BROOKLYN,2015,7,951,2
BROOKLYN,2015,8,892,2
BROOKLYN,2015,9,648,2
BROOKLYN,2015,10,1159,0
BROOKLYN,2015,11,955,1
BROOKLYN,2015,12,882,1
BROOKLYN,2015,13,909,1
BROOKLYN,2015,14,850,0
BROOKLYN,2015,15,783,1
BROOKLYN,2015,16,949,1
BROOKLYN,2015,17,1007,2
BROOKLYN,2015,18,957,1
BROOKLYN,2015,19,1032,2
BROOKLYN,2015,20,1056,1
BROOKLYN,2015,21,983,2
BROOKLYN,2015,22,1056,3
BROOKLYN,2015,23,1027,2
BROOKLYN,2015,24,900,0
BROOKLYN,2015,25,1015,1
BROOKLYN,2015,26,1092,2
BROOKLYN,2015,27,917,3
BROOKLYN,2015,28,994,1
BROOKLYN,2015,29,987,1
BROOKLYN,2015,30,917,0
BROOKLYN,2015,31,1025,1
BROOKLYN,2015,32,1042,2
BROOKLYN,2015,33,1026,1
BROOKLYN,2015,34,990,2
BROOKLYN,2015,35,963,2
BROOKLYN,2015,36,1089,1
BROOKLYN,2015,37,1065,1
BROOKLYN,2015,38,1085,0
BROOKLYN,2015,39,935,0
BROOKLYN,2015,40,951,1
BROOKLYN,2015,41,1020,0
BROOKLYN,2015,42,1047,2
BROOKLYN,2015,43,1088,2
BROOKLYN,2015,44,996,1
BROOKLYN,2015,45,985,1
BROOKLYN,2015,46,985,2
BROOKLYN,2015,47,1080,3
BROOKLYN,2015,48,954,2
BROOKLYN,2015,49,1014,4
BROOKLYN,2015,50,946,1
BROOKLYN,2015,51,1157,2
BROOKLYN,2015,52,936,2
BROOKLYN,2015,53,787,0
BROOKLYN,2016,1,1051,1
BROOKLYN,2016,2,971,0
BROOKLYN,2016,3,1005,1
BROOKLYN,2016,4,1101,1
BROOKLYN,2016,5,1041,3
BROOKLYN,2016,6,870,0
BROOKLYN,2016,7,835,0
BROOKLYN,2016,8,876,1
BROOKLYN,2016,9,971,0
BROOKLYN,2016,10,1001,0
BROOKLYN,2016,11,958,0
BROOKLYN,2016,12,951,0
BROOKLYN,2016,13,1084,0
BROOKLYN,2016,14,1042,1
BROOKLYN,2016,15,1128,2
BROOKLYN,2016,16,1097,1
BROOKLYN,2016,17,849,1
BROOKLYN,2016,18,1085,1
BROOKLYN,2016,19,1003,1
BROOKLYN,2016,20,949,0
BROOKLYN,2016,21,972,1
BROOKLYN,2016,22,894,0
BROOKLYN,2016,23,851,1
BROOKLYN,2016,24,814,2
BROOKLYN,2016,25,966,0
BROOKLYN,2016,26,914,0
BROOKLYN,2016,27,823,0
BROOKLYN,2016,28,867,0
BROOKLYN,2016,29,932,0
BROOKLYN,2016,30,898,0
BROOKLYN,2016,31,823,1
BROOKLYN,2016,32,803,0
BROOKLYN,2016,33,834,1
BROOKLYN,2016,34,875,0
BROOKLYN,2016,35,845,0
BROOKLYN,2016,36,818,1
BROOKLYN,2016,37,899,1
BROOKLYN,2016,38,845,0
BROOKLYN,2016,39,871,0
BROOKLYN,2016,40,833,0
BROOKLYN,2016,41,856,0
BROOKLYN,2016,42,813,0
BROOKLYN,2016,43,877,0
BROOKLYN,2016,44,909,0
BROOKLYN,2016,45,814,1
BROOKLYN,2016,46,949,1
BROOKLYN,2016,47,772,0
BROOKLYN,2016,48,914,2
BROOKLYN,2016,49,818,1
BROOKLYN,2016,50,905,0
BROOKLYN,2016,51,839,2
BROOKLYN,2016,52,710,3
BROOKLYN,2017,1,813,1
BROOKLYN,2017,2,791,2
BROOKLYN,2017,3,767,2
BROOKLYN,2017,4,739,0
BROOKLYN,2017,5,781,0
BROOKLYN,2017,6,734,0
MANHATTAN,2012,26,119,0
MANHATTAN,2012,27,750,0
MANHATTAN,2012,28,814,1
MANHATTAN,2012,29,842,0
MANHATTAN,2012,30,883,0
MANHATTAN,2012,31,850,2
MANHATTAN,2012,32,835,2
MANHATTAN,2012,33,816,0
MANHATTAN,2012,34,755,1
MANHATTAN,2012,35,756,0
MANHATTAN,2012,36,812,0
MANHATTAN,2012,37,843,2
MANHATTAN,2012,38,866,3
MANHATTAN,2012,39,812,2
MANHATTAN,2012,40,822,0
MANHATTAN,2012,41,815,1
MANHATTAN,2012,42,863,0
MANHATTAN,2012,43,741,1
MANHATTAN,2012,44,501,1
MANHATTAN,2012,45,731,1
MANHATTAN,2012,46,828,0
MANHATTAN,2012,47,676,1
MANHATTAN,2012,48,798,0
MANHATTAN,2012,49,853,0
MANHATTAN,2012,50,822,1
MANHATTAN,2012,51,827,1
MANHATTAN,2012,52,603,1
MANHATTAN,2013,1,572,1
MANHATTAN,2013,2,668,0
MANHATTAN,2013,3,735,2
MANHATTAN,2013,4,703,0
MANHATTAN,2013,5,730,2
MANHATTAN,2013,6,688,3
MANHATTAN,2013,7,719,0
MANHATTAN,2013,8,703,1
MANHATTAN,2013,9,745,1
MANHATTAN,2013,10,759,2
MANHATTAN,2013,11,798,0
MANHATTAN,2013,12,724,0
MANHATTAN,2013,13,697,0
MANHATTAN,2013,14,745,1
MANHATTAN,2013,15,820,0
MANHATTAN,2013,16,781,1
MANHATTAN,2013,17,772,0
MANHATTAN,2013,18,854,1
MANHATTAN,2013,19,849,0
MANHATTAN,2013,20,839,0
MANHATTAN,2013,21,923,0
MANHATTAN,2013,22,829,1
MANHATTAN,2013,23,874,3
MANHATTAN,2013,24,872,0
MANHATTAN,2013,25,871,0
MANHATTAN,2013,26,909,1
MANHATTAN,2013,27,715,1
MANHATTAN,2013,28,823,0
MANHATTAN,2013,29,827,0
MANHATTAN,2013,30,857,1
MANHATTAN,2013,31,849,3
MANHATTAN,2013,32,754,0
MANHATTAN,2013,33,857,1
MANHATTAN,2013,34,796,2
MANHATTAN,2013,35,744,0
MANHATTAN,2013,36,765,1
MANHATTAN,2013,37,913,0
MANHATTAN,2013,38,857,0
MANHATTAN,2013,39,829,0
MANHATTAN,2013,40,840,0
MANHATTAN,2013,41,837,0
MANHATTAN,2013,42,807,1
MANHATTAN,2013,43,844,0
MANHATTAN,2013,44,859,0
MANHATTAN,2013,45,855,1
MANHATTAN,2013,46,832,1
MANHATTAN,2013,47,862,2
MANHATTAN,2013,48,790,3
MANHATTAN,2013,49,843,0
MANHATTAN,2013,50,877,0
MANHATTAN,2013,51,846,2
MANHATTAN,2013,52,615,0
MANHATTAN,2014,1,525,0
MANHATTAN,2014,2,713,2
MANHATTAN,2014,3,740,3
MANHATTAN,2014,4,779,0
MANHATTAN,2014,5,737,0
MANHATTAN,2014,6,730,0
MANHATTAN,2014,7,762,0
MANHATTAN,2014,8,700,0
MANHATTAN,2014,9,712,0
MANHATTAN,2014,10,664,0
MANHATTAN,2014,11,728,1
MANHATTAN,2014,12,762,0
MANHATTAN,2014,13,721,1
MANHATTAN,2014,14,797,0
MANHATTAN,2014,15,818,1
MANHATTAN,2014,16,728,1
MANHATTAN,2014,17,799,0
MANHATTAN,2014,18,870,1
MANHATTAN,2014,19,847,2
MANHATTAN,2014,20,939,1
MANHATTAN,2014,21,820,0
MANHATTAN,2014,22,838,0
MANHATTAN,2014,23,900,1
MANHATTAN,2014,24,817,0
MANHATTAN,2014,25,878,0
MANHATTAN,2014,26,859,0
MANHATTAN,2014,27,748,1
MANHATTAN,2014,28,791,1
MANHATTAN,2014,29,812,1
MANHATTAN,2014,30,795,1
MANHATTAN,2014,31,857,0
MANHATTAN,2014,32,803,0
MANHATTAN,2014,33,778,0
MANHATTAN,2014,34,790,1
MANHATTAN,2014,35,750,2
MANHATTAN,2014,36,766,3
MANHATTAN,2014,37,813,0
MANHATTAN,2014,38,886,1
MANHATTAN,2014,39,852,2
MANHATTAN,2014,40,793,0
MANHATTAN,2014,41,822,1
MANHATTAN,2014,42,767,1
MANHATTAN,2014,43,863,0
MANHATTAN,2014,44,901,1
MANHATTAN,2014,45,783,0
MANHATTAN,2014,46,811,1
MANHATTAN,2014,47,880,0
MANHATTAN,2014,48,696,2
MANHATTAN,2014,49,927,1
MANHATTAN,2014,50,884,0
MANHATTAN,2014,51,825,0
MANHATTAN,2014,52,594,0
MANHATTAN,2015,1,571,2
MANHATTAN,2015,2,682,1
MANHATTAN,2015,3,750,0
MANHATTAN,2015,4,632,2
MANHATTAN,2015,5,570,0
MANHATTAN,2015,6,712,0
MANHATTAN,2015,7,761,1
MANHATTAN,2015,8,737,1
MANHATTAN,2015,9,493,0
MANHATTAN,2015,10,870,1
MANHATTAN,2015,11,782,0
MANHATTAN,2015,12,692,0
MANHATTAN,2015,13,713,0
MANHATTAN,2015,14,821,1
MANHATTAN,2015,15,753,0
MANHATTAN,2015,16,807,0
MANHATTAN,2015,17,870,0
MANHATTAN,2015,18,872,0
MANHATTAN,2015,19,807,2
MANHATTAN,2015,20,998,2
MANHATTAN,2015,21,811,1
MANHATTAN,2015,22,902,1
MANHATTAN,2015,23,872,0
MANHATTAN,2015,24,794,0
MANHATTAN,2015,25,835,1
MANHATTAN,2015,26,959,0
MANHATTAN,2015,27,782,1
MANHATTAN,2015,28,836,0
MANHATTAN,2015,29,932,0
MANHATTAN,2015,30,821,0
MANHATTAN,2015,31,974,0
MANHATTAN,2015,32,836,0
MANHATTAN,2015,33,914,1
MANHATTAN,2015,34,815,1
MANHATTAN,2015,35,802,0
MANHATTAN,2015,36,767,0
MANHATTAN,2015,37,878,0
MANHATTAN,2015,38,930,0
MANHATTAN,2015,39,749,0
MANHATTAN,2015,40,951,0
MANHATTAN,2015,41,949,0
MANHATTAN,2015,42,839,0
MANHATTAN,2015,43,937,0
MANHATTAN,2015,44,820,0
MANHATTAN,2015,45,870,2
MANHATTAN,2015,46,886,0
MANHATTAN,2015,47,918,0
MANHATTAN,2015,48,699,1
MANHATTAN,2015,49,904,1
MANHATTAN,2015,50,921,0
MANHATTAN,2015,51,889,0
MANHATTAN,2015,52,676,0
MANHATTAN,2015,53,619,0
MANHATTAN,2016,1,658,1
MANHATTAN,2016,2,838,2
MANHATTAN,2016,3,687,0
MANHATTAN,2016,4,779,0
MANHATTAN,2016,5,783,0
MANHATTAN,2016,6,763,3
MANHATTAN,2016,7,767,0
MANHATTAN,2016,8,786,0
MANHATTAN,2016,9,809,1
MANHATTAN,2016,10,793,0
MANHATTAN,2016,11,771,2
MANHATTAN,2016,12,701,2
MANHATTAN,2016,13,881,0
MANHATTAN,2016,14,844,0
MANHATTAN,2016,15,828,0
MANHATTAN,2016,16,875,0
MANHATTAN,2016,17,693,0
MANHATTAN,2016,18,781,0
MANHATTAN,2016,19,833,1
MANHATTAN,2016,20,861,0
MANHATTAN,2016,21,697,0
MANHATTAN,2016,22,645,0
MANHATTAN,2016,23,624,2
MANHATTAN,2016,24,652,2
MANHATTAN,2016,25,724,0
MANHATTAN,2016,26,719,2
MANHATTAN,2016,27,598,0
MANHATTAN,2016,28,703,0
MANHATTAN,2016,29,753,0
MANHATTAN,2016,30,746,1
MANHATTAN,2016,31,623,0
MANHATTAN,2016,32,632,0
MANHATTAN,2016,33,693,0
MANHATTAN,2016,34,637,2
MANHATTAN,2016,35,562,1
MANHATTAN,2016,36,634,0
MANHATTAN,2016,37,713,2
MANHATTAN,2016,38,625,0
MANHATTAN,2016,39,619,1
MANHATTAN,2016,40,619,4
MANHATTAN,2016,41,619,1
MANHATTAN,2016,42,655,0
MANHATTAN,2016,43,671,0
MANHATTAN,2016,44,714,0
MANHATTAN,2016,45,651,0
MANHATTAN,2016,46,730,0
MANHATTAN,2016,47,563,0
MANHATTAN,2016,48,663,0
MANHATTAN,2016,49,690,1
MANHATTAN,2016,50,656,1
MANHATTAN,2016,51,521,0
MANHATTAN,2016,52,451,0
MANHATTAN,2017,1,480,0
MANHATTAN,2017,2,506,0
MANHATTAN,2017,3,506,0
MANHATTAN,2017,4,598,1
MANHATTAN,2017,5,498,0
MANHATTAN,2017,6,485,0
QUEENS,2012,26,101,0
QUEENS,2012,27,750,1
QUEENS,2012,28,672,0
QUEENS,2012,29,758,3
QUEENS,2012,30,737,0
QUEENS,2012,31,721,0
QUEENS,2012,32,741,0
QUEENS,2012,33,675,0
QUEENS,2012,34,631,2
QUEENS,2012,35,742,0
QUEENS,2012,36,701,0
QUEENS,2012,37,818,1
QUEENS,2012,38,706,1
QUEENS,2012,39,750,2
QUEENS,2012,40,747,0
QUEENS,2012,41,736,1
QUEENS,2012,42,797,2
QUEENS,2012,43,637,2
QUEENS,2012,44,604,1
QUEENS,2012,45,802,0
QUEENS,2012,46,744,1
QUEENS,2012,47,767,1
QUEENS,2012,48,708,0
QUEENS,2012,49,826,0
QUEENS,2012,50,726,0
QUEENS,2012,51,807,1
QUEENS,2012,52,634,5
QUEENS,2013,1,600,0
QUEENS,2013,2,685,3
QUEENS,2013,3,705,2
QUEENS,2013,4,733,1
QUEENS,2013,5,711,3
QUEENS,2013,6,758,1
QUEENS,2013,7,708,2
QUEENS,2013,8,614,2
QUEENS,2013,9,654,1
QUEENS,2013,10,789,1
QUEENS,2013,11,718,1
QUEENS,2013,12,747,1
QUEENS,2013,13,740,0
QUEENS,2013,14,688,1
QUEENS,2013,15,763,0
QUEENS,2013,16,702,1
QUEENS,2013,17,731,1
QUEENS,2013,18,789,1
QUEENS,2013,19,725,1
QUEENS,2013,20,792,2
QUEENS,2013,21,834,0
QUEENS,2013,22,798,1
QUEENS,2013,23,830,0
QUEENS,2013,24,764,1
QUEENS,2013,25,768,0
QUEENS,2013,26,772,0
QUEENS,2013,27,736,1
QUEENS,2013,28,746,1
QUEENS,2013,29,838,1
QUEENS,2013,30,775,3
QUEENS,2013,31,738,3
QUEENS,2013,32,725,2
QUEENS,2013,33,701,3
QUEENS,2013,34,701,1
QUEENS,2013,35,645,0
QUEENS,2013,36,686,2
QUEENS,2013,37,791,3
QUEENS,2013,38,808,2
QUEENS,2013,39,777,3
QUEENS,2013,40,787,2
QUEENS,2013,41,778,1
QUEENS,2013,42,722,0
QUEENS,2013,43,843,0
QUEENS,2013,44,804,1
QUEENS,2013,45,843,1
QUEENS,2013,46,791,2
QUEENS,2013,47,840,0
QUEENS,2013,48,834,2
QUEENS,2013,49,765,1
QUEENS,2013,50,881,1
QUEENS,2013,51,906,2
QUEENS,2013,52,634,0
QUEENS,2014,1,644,2
QUEENS,2014,2,773,0
QUEENS,2014,3,747,0
QUEENS,2014,4,850,0
QUEENS,2014,5,762,0
QUEENS,2014,6,931,1
QUEENS,2014,7,894,0
QUEENS,2014,8,770,0
QUEENS,2014,9,715,0
QUEENS,2014,10,719,3
QUEENS,2014,11,699,0
QUEENS,2014,12,718,0
QUEENS,2014,13,757,1
QUEENS,2014,14,764,1
QUEENS,2014,15,778,0
QUEENS,2014,16,667,0
QUEENS,2014,17,749,2
QUEENS,2014,18,819,1
QUEENS,2014,19,821,1
QUEENS,2014,20,750,0
QUEENS,2014,21,764,3
QUEENS,2014,22,798,0
QUEENS,2014,23,853,3
QUEENS,2014,24,776,3
QUEENS,2014,25,881,0
QUEENS,2014,26,882,1
QUEENS,2014,27,776,2
QUEENS,2014,28,776,1
QUEENS,2014,29,763,1
QUEENS,2014,30,768,3
QUEENS,2014,31,773,3
QUEENS,2014,32,822,0
QUEENS,2014,33,746,1
QUEENS,2014,34,690,1
QUEENS,2014,35,795,1
QUEENS,2014,36,793,0
QUEENS,2014,37,857,1
QUEENS,2014,38,824,1
QUEENS,2014,39,790,1
QUEENS,2014,40,855,0
QUEENS,2014,41,776,0
QUEENS,2014,42,816,1
QUEENS,2014,43,841,0
QUEENS,2014,44,842,2
QUEENS,2014,45,819,4
QUEENS,2014,46,805,0
QUEENS,2014,47,828,1
QUEENS,2014,48,755,0
QUEENS,2014,49,778,2
QUEENS,2014,50,828,1
QUEENS,2014,51,818,0
QUEENS,2014,52,692,0
QUEENS,2015,1,599,0
QUEENS,2015,2,900,0
QUEENS,2015,3,860,3
QUEENS,2015,4,716,1
QUEENS,2015,5,710,1
QUEENS,2015,6,822,2
QUEENS,2015,7,768,0
QUEENS,2015,8,785,2
QUEENS,2015,9,583,0
QUEENS,2015,10,978,0
QUEENS,2015,11,774,0
QUEENS,2015,12,742,1
QUEENS,2015,13,751,0
QUEENS,2015,14,728,0
QUEENS,2015,15,591,0
QUEENS,2015,16,765,1
QUEENS,2015,17,762,2
QUEENS,2015,18,805,1
QUEENS,2015,19,860,1
QUEENS,2015,20,821,1
QUEENS,2015,21,814,0
QUEENS,2015,22,839,2
QUEENS,2015,23,873,1
QUEENS,2015,24,838,1
QUEENS,2015,25,794,0
QUEENS,2015,26,932,2
QUEENS,2015,27,790,1
QUEENS,2015,28,813,1
QUEENS,2015,29,825,1
QUEENS,2015,30,857,1
QUEENS,2015,31,889,1
QUEENS,2015,32,812,2
QUEENS,2015,33,850,0
QUEENS,2015,34,851,2
QUEENS,2015,35,782,1
QUEENS,2015,36,844,0
QUEENS,2015,37,968,0
QUEENS,2015,38,879,0
QUEENS,2015,39,789,0
QUEENS,2015,40,893,1
QUEENS,2015,41,872,2
QUEENS,2015,42,836,2
QUEENS,2015,43,884,1
QUEENS,2015,44,825,3
QUEENS,2015,45,804,1
QUEENS,2015,46,839,0
QUEENS,2015,47,907,0
QUEENS,2015,48,778,1
QUEENS,2015,49,824,2
QUEENS,2015,50,787,1
QUEENS,2015,51,922,2
QUEENS,2015,52,831,0
QUEENS,2015,53,667,0
QUEENS,2016,1,838,0
QUEENS,2016,2,851,0
QUEENS,2016,3,884,1
QUEENS,2016,4,1002,0
QUEENS,2016,5,846,0
QUEENS,2016,6,683,2
QUEENS,2016,7,658,0
QUEENS,2016,8,736,2
QUEENS,2016,9,861,0
QUEENS,2016,10,785,1
QUEENS,2016,11,830,0
QUEENS,2016,12,813,0
QUEENS,2016,13,913,0
QUEENS,2016,14,866,3
QUEENS,2016,15,866,0
QUEENS,2016,16,900,0
QUEENS,2016,17,663,0
QUEENS,2016,18,905,1
QUEENS,2016,19,878,1
QUEENS,2016,20,826,1
QUEENS,2016,21,814,1
QUEENS,2016,22,780,0
QUEENS,2016,23,756,0
QUEENS,2016,24,719,2
QUEENS,2016,25,854,0
QUEENS,2016,26,821,0
QUEENS,2016,27,713,3
QUEENS,2016,28,811,1
QUEENS,2016,29,845,0
QUEENS,2016,30,798,0
QUEENS,2016,31,778,0
QUEENS,2016,32,748,2
QUEENS,2016,33,729,0
QUEENS,2016,34,745,0
QUEENS,2016,35,712,1
QUEENS,2016,36,737,1
QUEENS,2016,37,810,0
QUEENS,2016,38,816,1
QUEENS,2016,39,801,2
QUEENS,2016,40,728,0
QUEENS,2016,41,759,1
QUEENS,2016,42,802,0
QUEENS,2016,43,773,0
QUEENS,2016,44,723,0
QUEENS,2016,45,710,1
QUEENS,2016,46,812,1
QUEENS,2016,47,731,0
QUEENS,2016,48,794,0
QUEENS,2016,49,764,1
QUEENS,2016,50,784,0
QUEENS,2016,51,812,1
QUEENS,2016,52,668,1
QUEENS,2017,1,707,0
QUEENS,2017,2,691,1
QUEENS,2017,3,628,1
QUEENS,2017,4,635,0
QUEENS,2017,5,677,0
QUEENS,2017,6,696,0
STATEN ISLAND,2012,26,26,0
STATEN ISLAND,2012,27,176,0
STATEN ISLAND,2012,28,169,0
STATEN ISLAND,2012,29,159,0
STATEN ISLAND,2012,30,187,1
STATEN ISLAND,2012,31,178,1
STATEN ISLAND,2012,32,186,0
STATEN ISLAND,2012,33,197,0
STATEN ISLAND,2012,34,179,0
STATEN ISLAND,2012,35,200,1
STATEN ISLAND,2012,36,183,0
STATEN ISLAND,2012,37,181,0
STATEN ISLAND,2012,38,211,0
STATEN ISLAND,2012,39,193,0
STATEN ISLAND,2012,40,210,1
STATEN ISLAND,2012,41,202,0
STATEN ISLAND,2012,42,228,1
STATEN ISLAND,2012,43,152,0
STATEN ISLAND,2012,44,104,1
STATEN ISLAND,2012,45,205,1
STATEN ISLAND,2012,46,197,0
STATEN ISLAND,2012,47,190,0
STATEN ISLAND,2012,48,183,0
STATEN ISLAND,2012,49,197,0
STATEN ISLAND,2012,50,195,0
STATEN ISLAND,2012,51,214,2
STATEN ISLAND,2012,52,173,1
STATEN ISLAND,2013,1,155,0
STATEN ISLAND,2013,2,189,0
STATEN ISLAND,2013,3,162,0
STATEN ISLAND,2013,4,193,0
STATEN ISLAND,2013,5,167,1
STATEN ISLAND,2013,6,196,0
STATEN ISLAND,2013,7,184,0
STATEN ISLAND,2013,8,178,0
STATEN ISLAND,2013,9,170,0
STATEN ISLAND,2013,10,215,0
STATEN ISLAND,2013,11,172,0
STATEN ISLAND,2013,12,199,0
STATEN ISLAND,2013,13,144,0
STATEN ISLAND,2013,14,171,0
STATEN ISLAND,2013,15,187,0
STATEN ISLAND,2013,16,157,0
STATEN ISLAND,2013,17,175,0
STATEN ISLAND,2013,18,231,0
STATEN ISLAND,2013,19,198,0
STATEN ISLAND,2013,20,185,0
STATEN ISLAND,2013,21,206,0
STATEN ISLAND,2013,22,218,0
STATEN ISLAND,2013,23,202,0
STATEN ISLAND,2013,24,196,0
STATEN ISLAND,2013,25,231,0
STATEN ISLAND,2013,26,206,0
STATEN ISLAND,2013,27,122,0
STATEN ISLAND,2013,28,137,0
STATEN ISLAND,2013,29,114,0
STATEN ISLAND,2013,30,99,0
STATEN ISLAND,2013,31,120,0
STATEN ISLAND,2013,32,119,1
STATEN ISLAND,2013,33,122,0
STATEN ISLAND,2013,34,121,0
STATEN ISLAND,2013,35,96,0
STATEN ISLAND,2013,36,105,0
STATEN ISLAND,2013,37,133,0
STATEN ISLAND,2013,38,131,0
STATEN ISLAND,2013,39,158,0
STATEN ISLAND,2013,40,137,0
STATEN ISLAND,2013,41,131,0
STATEN ISLAND,2013,42,119,0
STATEN ISLAND,2013,43,140,0
STATEN ISLAND,2013,44,162,0
STATEN ISLAND,2013,45,162,0
STATEN ISLAND,2013,46,141,0
STATEN ISLAND,2013,47,123,0
STATEN ISLAND,2013,48,125,0
STATEN ISLAND,2013,49,135,0
STATEN ISLAND,2013,50,180,1
STATEN ISLAND,2013,51,167,0
STATEN ISLAND,2013,52,111,1
STATEN ISLAND,2014,1,122,1
STATEN ISLAND,2014,2,128,1
STATEN ISLAND,2014,3,139,0
STATEN ISLAND,2014,4,168,1
STATEN ISLAND,2014,5,128,0
STATEN ISLAND,2014,6,165,0
STATEN ISLAND,2014,7,168,0
STATEN ISLAND,2014,8,139,0
STATEN ISLAND,2014,9,137,0
STATEN ISLAND,2014,10,112,0
STATEN ISLAND,2014,11,123,0
STATEN ISLAND,2014,12,123,0
STATEN ISLAND,2014,13,127,0
STATEN ISLAND,2014,14,119,1
STATEN ISLAND,2014,15,141,0
STATEN ISLAND,2014,16,93,0
STATEN ISLAND,2014,17,108,0
STATEN ISLAND,2014,18,128,0
STATEN ISLAND,2014,19,112,0
STATEN ISLAND,2014,20,141,0
STATEN ISLAND,2014,21,117,0
STATEN ISLAND,2014,22,111,0
STATEN ISLAND,2014,23,153,1
STATEN ISLAND,2014,24,151,1
STATEN ISLAND,2014,25,147,0
STATEN ISLAND,2014,26,136,0
STATEN ISLAND,2014,27,123,0
STATEN ISLAND,2014,28,135,0
STATEN ISLAND,2014,29,103,1
STATEN ISLAND,2014,30,113,0
STATEN ISLAND,2014,31,121,1
STATEN ISLAND,2014,32,125,0
STATEN ISLAND,2014,33,119,0
STATEN ISLAND,2014,34,87,0
STATEN ISLAND,2014,35,121,0
STATEN ISLAND,2014,36,125,0
STATEN ISLAND,2014,37,142,0
STATEN ISLAND,2014,38,131,0
STATEN ISLAND,2014,39,122,0
STATEN ISLAND,2014,40,132,0
STATEN ISLAND,2014,41,131,0
STATEN ISLAND,2014,42,131,0
STATEN ISLAND,2014,43,149,0
STATEN ISLAND,2014,44,122,0
STATEN ISLAND,2014,45,125,0
STATEN ISLAND,2014,46,126,1
STATEN ISLAND,2014,47,129,0
STATEN ISLAND,2014,48,110,0
STATEN ISLAND,2014,49,129,0
STATEN ISLAND,2014,50,102,0
STATEN ISLAND,2014,51,101,0
STATEN ISLAND,2014,52,112,1
STATEN ISLAND,2015,1,85,0
STATEN ISLAND,2015,2,152,0
STATEN ISLAND,2015,3,155,0
STATEN ISLAND,2015,4,103,0
STATEN ISLAND,2015,5,102,0
STATEN ISLAND,2015,6,127,0
STATEN ISLAND,2015,7,131,0
STATEN ISLAND,2015,8,115,0
STATEN ISLAND,2015,9,86,0
STATEN ISLAND,2015,10,143,1
STATEN ISLAND,2015,11,95,0
STATEN ISLAND,2015,12,94,0
STATEN ISLAND,2015,13,110,0
STATEN ISLAND,2015,14,110,0
STATEN ISLAND,2015,15,88,0
STATEN ISLAND,2015,16,107,0
STATEN ISLAND,2015,17,128,1
STATEN ISLAND,2015,18,113,0
STATEN ISLAND,2015,19,162,1
STATEN ISLAND,2015,20,141,0
STATEN ISLAND,2015,21,128,0
STATEN ISLAND,2015,22,151,0
STATEN ISLAND,2015,23,112,0
STATEN ISLAND,2015,24,119,0
STATEN ISLAND,2015,25,117,0
STATEN ISLAND,2015,26,128,0
STATEN ISLAND,2015,27,121,0
STATEN ISLAND,2015,28,110,0
STATEN ISLAND,2015,29,126,0
STATEN ISLAND,2015,30,110,0
STATEN ISLAND,2015,31,122,1
STATEN ISLAND,2015,32,118,0
STATEN ISLAND,2015,33,109,0
STATEN ISLAND,2015,34,111,1
STATEN ISLAND,2015,35,126,0
STATEN ISLAND,2015,36,113,0
STATEN ISLAND,2015,37,112,0
STATEN ISLAND,2015,38,117,1
STATEN ISLAND,2015,39,124,1
STATEN ISLAND,2015,40,121,0
STATEN ISLAND,2015,41,137,2
STATEN ISLAND,2015,42,133,0
STATEN ISLAND,2015,43,127,0
STATEN ISLAND,2015,44,107,0
STATEN ISLAND,2015,45,116,0
STATEN ISLAND,2015,46,139,1
STATEN ISLAND,2015,47,158,0
STATEN ISLAND,2015,48,127,0
STATEN ISLAND,2015,49,123,0
STATEN ISLAND,2015,50,140,0
STATEN ISLAND,2015,51,149,1
STATEN ISLAND,2015,52,117,0
STATEN ISLAND,2015,53,88,0
STATEN ISLAND,2016,1,125,0
STATEN ISLAND,2016,2,143,2
STATEN ISLAND,2016,3,149,0
STATEN ISLAND,2016,4,168,0
STATEN ISLAND,2016,5,160,0
STATEN ISLAND,2016,6,94,0
STATEN ISLAND,2016,7,113,1
STATEN ISLAND,2016,8,127,0
STATEN ISLAND,2016,9,124,1
STATEN ISLAND,2016,10,128,0
STATEN ISLAND,2016,11,128,0
STATEN ISLAND,2016,12,122,0
STATEN ISLAND,2016,13,125,0
STATEN ISLAND,2016,14,117,0
STATEN ISLAND,2016,15,149,1
STATEN ISLAND,2016,16,135,0
STATEN ISLAND,2016,17,92,0
STATEN ISLAND,2016,18,134,0
STATEN ISLAND,2016,19,165,1
STATEN ISLAND,2016,20,122,0
STATEN ISLAND,2016,21,149,0
STATEN ISLAND,2016,22,120,0
STATEN ISLAND,2016,23,138,0
STATEN ISLAND,2016,24,124,0
STATEN ISLAND,2016,25,145,0
STATEN ISLAND,2016,26,129,0
STATEN ISLAND,2016,27,126,0
STATEN ISLAND,2016,28,155,0
STATEN ISLAND,2016,29,122,0
STATEN ISLAND,2016,30,120,0
STATEN ISLAND,2016,31,120,0
STATEN ISLAND,2016,32,134,0
STATEN ISLAND,2016,33,108,0
STATEN ISLAND,2016,34,105,1
STATEN ISLAND,2016,35,110,0
STATEN ISLAND,2016,36,103,0
STATEN ISLAND,2016,37,124,0
STATEN ISLAND,2016,38,153,0
STATEN ISLAND,2016,39,121,1
STATEN ISLAND,2016,40,137,0
STATEN ISLAND,2016,41,130,1
STATEN ISLAND,2016,42,143,0
STATEN ISLAND,2016,43,126,0
STATEN ISLAND,2016,44,133,0
STATEN ISLAND,2016,45,122,0
STATEN ISLAND,2016,46,107,0
STATEN ISLAND,2016,47,121,0
STATEN ISLAND,2016,48,133,0
STATEN ISLAND,2016,49,143,0
STATEN ISLAND,2016,50,142,0
STATEN ISLAND,2016,51,133,0
STATEN ISLAND,2016,52,102,0
STATEN ISLAND,2017,1,142,0
STATEN ISLAND,2017,2,134,0
STATEN ISLAND,2017,3,98,0
STATEN ISLAND,2017,4,105,0
STATEN ISLAND,2017,5,104,0
STATEN ISLAND,2017,6,128,1
